Receptor,Ligand,Num_H_Bonds,H_Bond_Residues,Num_Hydrophobic,Hydrophobic_Residues,Num_Pi_Stacking,Pi_Stacking_Residues
HSA_chainA_protonated,BENZ_S,2,"ARG220(3.04Å), ARG220(3.11Å)",9,"ALA213(3.42Å), ALA289(3.74Å), ILE262(3.67Å), ILE288(4.00Å), LEU217(3.35Å), LEU217(3.53Å), LEU236(2.60Å), LEU236(3.63Å), LEU258(3.58Å)",0,
HSA_chainA_protonated,m_nitro_S,1,ARG220(2.83Å),10,"ALA213(3.48Å), ALA289(3.56Å), ARG216(3.87Å), ILE262(3.32Å), ILE288(3.51Å), LEU217(3.08Å), LEU236(3.48Å), LEU236(3.75Å), LEU258(3.47Å), LEU258(3.55Å)",0,
HSA_chainA_protonated,m_bromo_S,3,"ARG220(3.04Å), ARG220(3.08Å), ARG220(3.84Å)",9,"ALA213(3.39Å), ALA289(3.64Å), ARG255(3.97Å), ILE262(3.91Å), LEU217(2.95Å), LEU217(3.01Å), LEU236(2.27Å), LEU236(3.64Å), LEU258(3.64Å)",0,
HSA_chainA_protonated,S_Warfarin_ref,1,ARG220(2.88Å),10,"ALA213(3.33Å), ILE262(3.55Å), ILE288(3.64Å), LEU217(3.52Å), LEU217(3.68Å), LEU236(2.75Å), LEU236(3.60Å), LEU236(3.73Å), LEU258(3.63Å), LEU258(3.71Å)",0,
HSA_chainA_protonated,p_nitro_S,3,"ARG220(1.54Å), LYS197(2.87Å), TRP212(3.45Å)",6,"ALA213(3.23Å), ARG216(3.46Å), ILE262(3.40Å), ILE288(3.64Å), LEU236(3.29Å), LEU236(3.84Å)",0,
HSA_chainA_protonated,R_Warfarin_ref,2,"ARG220(2.73Å), ARG220(3.09Å)",8,"ALA213(3.26Å), ILE262(3.65Å), ILE288(3.96Å), LEU217(3.58Å), LEU217(3.64Å), LEU236(2.91Å), LEU258(3.61Å), LEU258(3.66Å)",0,
HSA_chainA_protonated,BENZ_R,4,"ARG220(3.05Å), ARG220(3.06Å), ARG220(3.42Å), LYS197(3.02Å)",7,"ALA213(3.13Å), ILE262(3.57Å), ILE288(3.76Å), LEU236(3.62Å), LEU236(3.74Å), PHE209(3.94Å), TRP212(3.71Å)",0,
HSA_chainA_protonated,dimethoxy_23_S,2,"ARG220(3.09Å), ARG220(4.04Å)",6,"ALA213(3.56Å), ALA289(3.62Å), ARG255(3.75Å), LEU236(3.13Å), LEU236(3.96Å), LEU258(3.63Å)",0,
HSA_chainA_protonated,m_nitro_R,0,,6,"ARG216(3.99Å), ILE288(3.32Å), LEU236(3.51Å), LEU236(3.79Å), LEU236(3.89Å), PHE209(3.74Å)",0,
HSA_chainA_protonated,m_bromo_R,1,LYS197(3.69Å),8,"ALA213(3.97Å), ALA289(3.77Å), ARG216(3.78Å), ILE288(3.69Å), LEU236(3.50Å), LEU236(3.80Å), PHE209(3.56Å), TRP212(2.53Å)",0,
HSA_chainA_protonated,p_nitro_R,1,LYS197(3.79Å),6,"ALA289(3.97Å), ARG216(3.57Å), ILE288(3.71Å), LEU236(3.30Å), PHE209(3.54Å), TRP212(2.60Å)",0,
HSA_chainA_protonated,dimethoxy_23_R,3,"ARG220(2.89Å), ARG220(3.25Å), HIS240(3.40Å)",8,"ALA289(3.85Å), ILE262(3.55Å), ILE288(3.61Å), LEU236(3.48Å), LEU236(3.66Å), LEU258(3.64Å), LEU258(3.75Å), PHE209(3.66Å)",0,
VKORC1_Reduced_chainA_protonated,p_nitro_S,3,"ASN80(2.99Å), SER81(3.25Å), TYR139(3.17Å)",10,"ASN80(3.23Å), LEU120(3.31Å), LEU120(3.83Å), LEU128(3.95Å), PHE55(3.66Å), PHE63(3.65Å), THR138(3.51Å), TRP59(3.63Å), VAL134(3.03Å), VAL54(3.55Å)",0,
VKORC1_Reduced_chainA_protonated,p_nitro_R,3,"ASN80(3.64Å), TYR139(2.66Å), TYR139(2.74Å)",9,"ALA26(3.32Å), LEU120(3.31Å), LEU120(3.80Å), PHE55(3.74Å), THR138(3.65Å), TRP59(3.44Å), TYR139(3.93Å), VAL134(3.91Å), VAL54(3.71Å)",0,
VKORC1_Reduced_chainA_protonated,dimethoxy_23_R,3,"ASN80(3.86Å), TYR139(2.69Å), TYR139(2.77Å)",9,"ALA26(3.68Å), LEU120(3.40Å), LEU120(3.71Å), PHE55(3.74Å), PHE63(3.48Å), THR138(3.77Å), TRP59(3.55Å), VAL134(3.55Å), VAL54(3.57Å)",0,
VKORC1_Reduced_chainA_protonated,m_nitro_S,0,,5,"LEU120(3.48Å), LEU22(3.99Å), PHE55(3.97Å), THR138(3.58Å), VAL134(3.46Å)",1,PHE63(4.78Å)
VKORC1_Reduced_chainA_protonated,dimethoxy_23_S,5,"ASN80(2.36Å), ASN80(3.32Å), SER81(3.34Å), TYR139(3.00Å), TYR139(3.07Å)",10,"CYS135(3.86Å), LEU120(3.44Å), LEU120(3.56Å), PHE55(3.60Å), THR138(3.89Å), TRP59(3.60Å), TYR139(3.78Å), TYR139(3.91Å), VAL134(3.10Å), VAL54(3.58Å)",0,
VKORC1_Reduced_chainA_protonated,m_nitro_R,3,"ASN80(3.13Å), TYR139(3.75Å), TYR139(3.84Å)",10,"ALA26(3.27Å), ASN80(3.59Å), LEU120(3.35Å), LEU120(3.55Å), LEU120(3.98Å), PHE55(3.75Å), PHE63(3.60Å), THR138(3.65Å), VAL134(3.72Å), VAL54(3.47Å)",0,
VKORC1_Reduced_chainA_protonated,S_Warfarin_ref,2,"ASN80(3.11Å), TYR139(2.72Å)",13,"ALA26(3.90Å), ASN80(3.34Å), CYS135(3.90Å), ILE123(3.82Å), LEU120(3.39Å), LEU120(3.73Å), LEU128(3.92Å), PHE55(3.68Å), PHE63(3.64Å), THR138(3.68Å), TRP59(3.43Å), TYR139(3.85Å), VAL54(3.65Å)",0,
VKORC1_Reduced_chainA_protonated,m_bromo_S,1,SER81(4.08Å),4,"ASN80(2.96Å), LEU120(3.54Å), THR138(3.73Å), VAL134(3.48Å)",2,"PHE55(5.41Å), PHE63(4.79Å)"
VKORC1_Reduced_chainA_protonated,BENZ_S,3,"ASN80(2.94Å), SER81(3.66Å), TYR139(2.88Å)",13,"ASN80(3.40Å), CYS135(3.63Å), ILE123(3.78Å), LEU120(3.42Å), LEU120(3.58Å), LEU128(3.74Å), PHE55(3.68Å), PHE63(3.53Å), THR138(3.70Å), TRP59(3.52Å), TYR139(3.77Å), VAL134(3.13Å), VAL54(3.63Å)",0,
VKORC1_Reduced_chainA_protonated,R_Warfarin_ref,3,"ASN80(2.85Å), TYR139(3.15Å), TYR139(3.22Å)",8,"ASN80(2.89Å), LEU120(3.54Å), PHE55(3.75Å), PHE63(3.50Å), PHE63(3.97Å), THR138(3.78Å), TRP59(3.54Å), VAL54(3.59Å)",0,
VKORC1_Reduced_chainA_protonated,m_bromo_R,3,"ASN80(3.36Å), TYR139(4.00Å), TYR139(4.09Å)",9,"ALA26(3.20Å), ASN80(2.92Å), LEU120(3.26Å), LEU120(3.66Å), PHE55(3.77Å), PHE63(3.46Å), THR138(3.27Å), VAL134(3.70Å), VAL54(3.44Å)",0,
VKORC1_Reduced_chainA_protonated,BENZ_R,3,"ASN80(3.15Å), TYR139(3.72Å), TYR139(3.81Å)",11,"ALA26(3.23Å), ASN80(3.92Å), LEU120(3.39Å), LEU120(3.59Å), LEU120(3.99Å), PHE55(3.73Å), PHE63(3.64Å), PHE63(3.69Å), THR138(3.69Å), VAL134(3.67Å), VAL54(3.45Å)",0,
VKORC1_Human_chainA_protonated,AI_Lead_20,2,"LEU22(4.03Å), SER81(2.89Å)",6,"ASN80(3.84Å), LEU120(3.33Å), LEU120(3.35Å), PHE63(3.56Å), PHE87(3.58Å), THR138(3.96Å)",0,
VKORC1_Human_chainA_protonated,AI_Lead_07,3,"ASN80(4.10Å), SER81(3.28Å), TYR139(3.95Å)",3,"ASN80(3.97Å), PHE55(3.63Å), THR138(3.66Å)",0,
VKORC1_Human_chainA_protonated,AI_Lead_17,4,"ASN142(2.90Å), SER81(3.23Å), TYR139(3.22Å), TYR139(3.26Å)",14,"ASN80(3.95Å), LEU120(3.78Å), LEU120(3.88Å), LEU120(3.95Å), PHE55(3.82Å), PHE63(3.32Å), PHE87(3.57Å), PHE87(3.70Å), PHE87(3.86Å), THR138(3.88Å), TRP59(3.68Å), TYR88(3.62Å), VAL134(3.65Å), VAL54(3.66Å)",0,
VKORC1_Human_chainA_protonated,AI_Lead_03,1,ASN80(2.59Å),11,"ALA26(3.95Å), ASN80(3.50Å), ILE123(3.64Å), LEU120(3.53Å), LEU120(3.86Å), LEU124(3.94Å), LEU128(3.94Å), THR138(3.40Å), TRP59(3.53Å), VAL134(3.99Å), VAL54(3.53Å)",0,
VKORC1_Human_chainA_protonated,AI_Lead_16,0,,14,"ASN80(2.74Å), LEU120(3.41Å), PHE55(3.36Å), PHE63(3.03Å), PHE63(3.04Å), PHE63(3.46Å), PHE83(3.95Å), PHE87(3.34Å), PHE87(3.87Å), PHE87(3.91Å), THR138(3.15Å), TYR139(3.45Å), TYR88(3.74Å), VAL112(3.67Å)",0,
VKORC1_Human_chainA_protonated,AI_Lead_02,0,,8,"ASN80(3.71Å), ILE123(3.53Å), LEU120(3.85Å), LEU124(3.87Å), LEU128(3.80Å), PHE55(3.32Å), PHE55(3.70Å), TRP59(3.37Å)",0,
VKORC1_Human_chainA_protonated,AI_Lead_01,0,,10,"ALA26(3.87Å), ASN80(2.76Å), LEU120(3.18Å), LEU120(3.58Å), LEU120(3.78Å), PHE55(3.46Å), PHE55(3.72Å), THR138(3.98Å), TRP59(3.88Å), VAL134(3.65Å)",0,
VKORC1_Human_chainA_protonated,AI_Lead_08,0,,6,"ILE123(3.79Å), LEU120(3.75Å), LEU120(3.76Å), LEU128(3.66Å), TRP59(3.49Å), VAL54(3.57Å)",0,
VKORC1_Human_chainA_protonated,AI_Lead_06,0,,3,"ASN80(3.25Å), PHE55(3.80Å), THR138(3.75Å)",0,
VKORC1_Human_chainA_protonated,AI_Lead_15,0,,4,"LEU120(3.62Å), PHE55(3.93Å), THR138(3.65Å), TYR139(3.57Å)",0,
VKORC1_Human_chainA_protonated,AI_Lead_09,1,THR138(3.31Å),8,"ASN80(3.53Å), LEU120(3.55Å), LEU120(3.81Å), LEU120(3.83Å), THR138(3.79Å), TRP59(3.92Å), TYR88(3.77Å), VAL54(3.70Å)",0,
VKORC1_Human_chainA_protonated,AI_Lead_12,1,ASN80(3.78Å),8,"ASN80(2.87Å), LEU120(3.67Å), LEU120(3.74Å), LEU120(3.76Å), PHE55(3.63Å), PHE55(3.87Å), TRP59(3.84Å), VAL54(3.70Å)",0,
VKORC1_Human_chainA_protonated,AI_Lead_05,0,,6,"ALA26(3.85Å), ASN80(3.99Å), LEU120(3.75Å), PHE55(3.76Å), TYR139(3.33Å), VAL134(3.72Å)",0,
VKORC1_Human_chainA_protonated,AI_Lead_11,0,,9,"ASN80(3.05Å), ILE123(3.77Å), LEU120(3.63Å), LEU120(3.76Å), LEU120(3.79Å), LEU128(3.80Å), PHE55(3.66Å), TRP59(3.76Å), VAL54(3.77Å)",0,
VKORC1_Human_chainA_protonated,AI_Lead_14,1,ASN80(4.09Å),5,"ASN80(3.77Å), LEU120(3.64Å), LEU120(3.76Å), TRP59(3.89Å), TYR139(3.78Å)",0,
VKORC1_Human_chainA_protonated,AI_Lead_19,1,SER81(3.28Å),2,"PHE55(3.55Å), TYR139(3.96Å)",0,
VKORC1_Human_chainA_protonated,AI_Lead_04,1,ASN142(3.43Å),7,"ASN80(3.61Å), LEU120(3.61Å), PHE63(3.76Å), PHE63(3.93Å), PHE87(3.49Å), TYR139(3.61Å), TYR88(3.88Å)",0,
VKORC1_Human_chainA_protonated,AI_Lead_13,0,,7,"ASN80(2.82Å), ILE123(3.83Å), LEU120(3.79Å), LEU120(3.85Å), LEU124(3.93Å), TRP59(3.45Å), VAL54(3.78Å)",0,
VKORC1_Human_chainA_protonated,AI_Lead_18,2,"ASN142(3.75Å), TYR88(3.08Å)",13,"ASN80(3.11Å), LEU120(2.31Å), LEU120(3.23Å), LEU124(3.71Å), PHE55(2.88Å), PHE55(3.23Å), PHE63(3.22Å), PHE63(3.57Å), PHE83(3.01Å), PHE87(3.55Å), THR138(2.96Å), TYR139(3.96Å), VAL54(2.73Å)",0,
VKORC1_Human_chainA_protonated,AI_Lead_10,4,"ASN142(2.58Å), ASN80(3.78Å), SER113(3.22Å), TYR139(3.26Å)",12,"ALA26(3.69Å), ASN80(2.13Å), ILE123(3.70Å), LEU120(2.82Å), LEU128(3.40Å), PHE55(2.55Å), PHE63(2.76Å), THR138(2.56Å), THR138(3.15Å), TYR88(3.06Å), VAL134(3.27Å), VAL54(2.30Å)",0,
VKORC1_Human_chainA_protonated,Scaffold_Hop_07,0,,7,"ASN80(2.64Å), LEU120(3.69Å), PHE63(3.12Å), PHE87(3.31Å), PHE87(3.32Å), PHE87(3.61Å), THR138(3.50Å)",0,
VKORC1_Human_chainA_protonated,Scaffold_Hop_15,5,"ASN80(2.37Å), ASN80(3.14Å), SER81(3.91Å), TYR139(3.92Å)",5,"ASN80(3.65Å), LEU120(3.30Å), PHE63(3.58Å), TYR139(3.33Å), VAL54(3.47Å)",0,
VKORC1_Human_chainA_protonated,Scaffold_Hop_09,0,,10,"ASN80(3.57Å), LEU120(2.98Å), LEU120(3.14Å), LEU120(3.81Å), PHE55(3.39Å), PHE63(3.48Å), THR138(3.17Å), TRP59(3.80Å), TYR139(3.35Å), VAL134(3.08Å)",0,
VKORC1_Human_chainA_protonated,Scaffold_Hop_08,2,"ASN142(3.41Å), ASN80(2.89Å)",5,"ASN80(2.66Å), LEU120(3.65Å), PHE63(3.78Å), THR138(3.86Å), TRP59(3.68Å)",0,
VKORC1_Human_chainA_protonated,Scaffold_Hop_19,1,SER113(3.83Å),16,"ALA26(3.79Å), ASN80(2.01Å), ILE123(3.75Å), LEU120(3.09Å), LEU120(3.64Å), LEU124(3.69Å), LEU128(3.60Å), PHE55(3.21Å), PHE55(3.36Å), PHE63(3.32Å), PHE83(3.37Å), PHE87(3.62Å), THR138(3.44Å), TRP59(3.29Å), TYR88(3.50Å), VAL54(3.56Å)",0,
VKORC1_Human_chainA_protonated,Scaffold_Hop_01,0,,10,"ALA26(3.87Å), ASN80(2.76Å), LEU120(3.18Å), LEU120(3.58Å), LEU120(3.78Å), PHE55(3.46Å), PHE55(3.72Å), THR138(3.98Å), TRP59(3.88Å), VAL134(3.65Å)",0,
VKORC1_Human_chainA_protonated,Scaffold_Hop_02,0,,7,"ASN80(3.03Å), LEU120(3.25Å), LEU120(3.42Å), PHE55(3.43Å), PHE63(3.54Å), THR138(3.21Å), VAL54(3.74Å)",0,
VKORC1_Human_chainA_protonated,Scaffold_Hop_10,3,"ASN142(3.07Å), SER23(3.26Å), SER81(3.08Å)",4,"ALA26(3.78Å), PHE63(3.33Å), PHE87(3.43Å), THR138(3.46Å)",0,
VKORC1_Human_chainA_protonated,Scaffold_Hop_18,2,"ASN80(3.50Å), SER81(3.28Å)",4,"LEU120(3.86Å), PHE63(3.77Å), THR138(3.19Å), TYR88(3.64Å)",0,
VKORC1_Human_chainA_protonated,Scaffold_Hop_04,0,,4,"ALA26(3.39Å), LEU22(3.99Å), PHE55(3.52Å), PHE55(3.62Å)",0,
VKORC1_Human_chainA_protonated,Scaffold_Hop_14,2,"ASN80(3.19Å), SER81(2.94Å)",4,"LEU120(3.95Å), LEU22(3.93Å), TYR139(3.86Å), VAL134(3.46Å)",0,
VKORC1_Human_chainA_protonated,Scaffold_Hop_12,1,GLY84(3.98Å),9,"ALA26(3.84Å), ASN80(2.38Å), LEU120(2.69Å), PHE55(3.41Å), PHE63(3.02Å), THR138(2.77Å), TYR139(3.99Å), VAL134(3.57Å)",0,
VKORC1_Human_chainA_protonated,Scaffold_Hop_11,2,"TYR139(2.96Å), TYR139(2.98Å)",4,"ASN80(3.94Å), ILE123(3.96Å), LEU120(3.38Å), TRP59(3.32Å)",0,
VKORC1_Human_chainA_protonated,Scaffold_Hop_17,2,"ASN80(2.72Å), ASN80(3.08Å)",4,"ASN80(3.40Å), LEU120(3.90Å), PHE55(3.91Å), THR138(3.68Å)",0,
VKORC1_Human_chainA_protonated,Scaffold_Hop_05,0,,5,"ILE123(3.76Å), LEU120(3.80Å), LEU128(3.74Å), TRP59(3.73Å), VAL54(3.52Å)",0,
VKORC1_Human_chainA_protonated,Scaffold_Hop_03,1,ASN142(3.09Å),7,"LEU120(3.48Å), PHE63(3.91Å), PHE87(3.45Å), PHE87(3.69Å), THR138(3.62Å), TYR139(3.93Å), TYR88(3.99Å)",0,
VKORC1_Human_chainA_protonated,Scaffold_Hop_06,2,"ASN142(3.30Å), ASN142(3.57Å)",4,"LEU120(3.76Å), PHE63(3.72Å), THR138(3.94Å), TYR139(3.63Å)",0,
VKORC1_Human_chainA_protonated,Scaffold_Hop_13,0,,7,"ASN80(2.82Å), ILE123(3.83Å), LEU120(3.79Å), LEU120(3.85Å), LEU124(3.93Å), TRP59(3.45Å), VAL54(3.78Å)",0,
VKORC1_Human_chainA_protonated,Scaffold_Hop_16,3,"ASN142(3.00Å), PHE55(3.77Å), SER23(3.82Å)",11,"ALA26(3.89Å), ASN80(2.16Å), LEU120(2.84Å), PHE55(2.84Å), PHE55(3.74Å), PHE63(3.25Å), PHE63(3.38Å), PHE83(3.64Å), THR138(2.49Å), TYR139(3.83Å), VAL54(3.79Å)",0,
VKORC1_Human_chainA_protonated,Scaffold_Hop_20,2,"ALA121(3.80Å), CYS135(2.85Å)",25,"ALA26(3.44Å), ASN80(3.10Å), ILE123(3.72Å), ILE136(3.59Å), LEU120(1.93Å), LEU120(3.69Å), LEU124(2.07Å), LEU124(3.04Å), LEU128(3.94Å), LEU22(3.80Å), PHE55(3.35Å), PHE55(3.67Å), PHE63(3.09Å), PHE63(3.25Å), PHE63(3.41Å), PHE63(3.45Å), PHE83(2.31Å), PHE87(3.03Å), THR138(2.98Å), TRP59(3.55Å), TYR139(1.16Å), TYR139(1.99Å), VAL112(3.58Å), VAL134(3.61Å), VAL54(3.15Å)",0,
VKORC1_Human_chainA_protonated,RL_Gen_37,1,ASN142(3.33Å),13,"ALA26(3.53Å), ASN80(3.49Å), LEU120(3.48Å), LEU120(3.70Å), LEU120(3.76Å), PHE55(3.53Å), PHE55(3.64Å), PHE63(3.54Å), PHE63(3.89Å), PHE87(3.53Å), THR138(3.25Å), TRP59(3.84Å), VAL54(3.65Å)",0,
VKORC1_Human_chainA_protonated,p_nitro_S,3,"ASN80(2.42Å), SER81(3.55Å), TYR139(3.11Å)",12,"ASN80(3.32Å), ILE123(3.86Å), LEU120(3.67Å), LEU120(3.71Å), LEU124(3.98Å), LEU128(3.81Å), PHE55(3.79Å), PHE63(3.54Å), THR138(3.74Å), TRP59(3.51Å), VAL134(3.18Å), VAL54(3.66Å)",0,
VKORC1_Human_chainA_protonated,p_nitro_R,3,"ASN80(3.27Å), ASN80(3.41Å), TYR139(2.63Å)",7,"ALA26(3.32Å), LEU120(3.52Å), LEU120(3.59Å), PHE55(3.84Å), THR138(3.82Å), TRP59(3.49Å), VAL54(3.66Å)",0,
VKORC1_Human_chainA_protonated,RL_Gen_22,2,"ASN142(3.72Å), PHE83(3.53Å)",9,"ALA26(3.70Å), LEU120(3.42Å), LEU120(3.44Å), LEU120(3.98Å), PHE55(3.94Å), TRP59(3.92Å), TYR139(3.59Å), TYR88(3.98Å), VAL134(2.89Å)",0,
VKORC1_Human_chainA_protonated,m_nitro_R,1,ASN80(3.21Å),8,"ALA26(3.31Å), LEU120(3.31Å), LEU120(3.57Å), LEU120(3.97Å), PHE63(3.76Å), THR138(3.68Å), VAL134(3.75Å), VAL54(3.68Å)",0,
VKORC1_Human_chainA_protonated,RL_Gen_29_isoA,7,"ASN80(2.75Å), ASN80(3.11Å), ASN80(3.15Å), SER23(3.36Å), SER81(3.04Å), SER81(3.11Å)",8,"ASN80(3.85Å), ILE123(3.56Å), LEU120(3.64Å), LEU120(3.87Å), LEU128(3.77Å), PHE55(3.57Å), TRP59(3.42Å), VAL54(3.67Å)",0,
VKORC1_Human_chainA_protonated,m_bromo_S,3,"ASN80(2.47Å), SER81(3.63Å), TYR139(3.03Å)",11,"ASN80(3.76Å), ILE123(3.83Å), LEU120(3.48Å), LEU120(3.68Å), LEU128(3.86Å), PHE55(3.71Å), THR138(3.92Å), TRP59(3.41Å), TYR139(3.96Å), VAL134(3.11Å), VAL54(3.70Å)",0,
VKORC1_Human_chainA_protonated,RL_Gen_45,4,"ASN80(2.64Å), ASN80(3.30Å), SER81(3.13Å), TYR139(3.13Å)",13,"ASN80(3.62Å), ILE123(3.73Å), LEU120(3.41Å), LEU124(3.89Å), LEU128(3.65Å), PHE55(3.25Å), PHE55(3.62Å), PHE63(3.40Å), THR138(3.19Å), TRP59(3.49Å), TYR139(1.82Å), VAL134(3.79Å), VAL54(3.68Å)",0,
VKORC1_Human_chainA_protonated,dimethoxy_23_R,2,"ASN80(3.47Å), TYR139(2.74Å)",10,"ALA26(3.39Å), LEU120(3.65Å), LEU120(3.71Å), LEU120(3.96Å), PHE55(3.92Å), PHE63(3.74Å), THR138(3.81Å), TRP59(3.55Å), VAL134(3.96Å), VAL54(3.62Å)",0,
VKORC1_Human_chainA_protonated,m_nitro_S,3,"ASN80(2.81Å), SER81(3.66Å), TYR139(3.29Å)",10,"ASN80(2.58Å), ILE123(3.65Å), LEU120(3.44Å), LEU120(3.63Å), LEU128(3.68Å), PHE55(3.81Å), PHE63(3.57Å), TRP59(3.40Å), VAL134(3.20Å), VAL54(3.78Å)",0,
VKORC1_Human_chainA_protonated,S_Warfarin_ref,2,"ASN80(2.92Å), TYR139(2.70Å)",12,"ALA26(3.80Å), ASN80(3.56Å), ILE123(3.76Å), LEU120(3.64Å), LEU120(3.71Å), LEU128(3.67Å), PHE55(3.73Å), PHE63(3.62Å), THR138(3.69Å), TRP59(3.43Å), TYR139(3.81Å), VAL54(3.74Å)",0,
VKORC1_Human_chainA_protonated,RL_Gen_49,2,"SER23(3.67Å), TYR139(3.95Å)",10,"ALA26(3.69Å), ILE123(3.62Å), LEU120(3.67Å), LEU120(3.82Å), LEU128(3.91Å), PHE55(3.84Å), PHE55(3.89Å), THR138(3.72Å), TRP59(3.23Å), VAL54(3.75Å)",0,
VKORC1_Human_chainA_protonated,BENZ_S,3,"ASN80(2.50Å), SER81(3.68Å), TYR139(2.99Å)",12,"ASN80(3.32Å), ILE123(3.64Å), LEU120(3.60Å), LEU120(3.72Å), LEU124(3.98Å), LEU128(3.67Å), PHE55(3.72Å), PHE63(3.58Å), THR138(3.75Å), TRP59(3.35Å), VAL134(3.21Å), VAL54(3.71Å)",0,
VKORC1_Human_chainA_protonated,dimethoxy_23_S,3,"ASN80(2.42Å), SER81(3.70Å), TYR139(3.03Å)",9,"ILE123(3.89Å), LEU120(3.41Å), LEU120(3.64Å), LEU128(3.84Å), PHE55(3.68Å), TRP59(3.48Å), TYR139(3.93Å), VAL134(3.15Å), VAL54(3.67Å)",0,
VKORC1_Human_chainA_protonated,RL_Gen_29_isoB,5,"ASN80(3.24Å), ASN80(4.02Å), SER23(3.06Å), SER81(2.91Å), SER81(3.26Å)",9,"ASN80(3.07Å), ILE123(3.46Å), LEU120(3.58Å), LEU120(3.73Å), LEU124(3.72Å), LEU128(3.51Å), PHE55(3.61Å), TRP59(3.46Å), VAL54(3.69Å)",0,
VKORC1_Human_chainA_protonated,m_bromo_R,2,"ASN80(3.20Å), TYR139(2.40Å)",9,"ALA26(3.45Å), LEU120(3.35Å), LEU120(3.69Å), PHE55(3.87Å), PHE63(3.91Å), THR138(3.89Å), TRP59(3.50Å), TYR139(3.84Å), VAL54(3.60Å)",0,
VKORC1_Human_chainA_protonated,RL_Gen_29,4,"ASN80(3.28Å), SER23(3.12Å), SER81(2.90Å), SER81(3.15Å)",9,"ASN80(2.88Å), ILE123(3.58Å), LEU120(3.66Å), LEU120(3.76Å), LEU124(3.81Å), LEU128(3.55Å), PHE55(3.52Å), TRP59(3.54Å), VAL54(3.71Å)",0,
VKORC1_Human_chainA_protonated,R_Warfarin_ref,3,"ASN80(2.85Å), SER81(2.94Å), TYR139(3.41Å)",9,"ASN80(2.81Å), ILE123(3.93Å), LEU120(3.70Å), LEU128(3.98Å), PHE63(3.52Å), THR138(3.60Å), TRP59(3.38Å), VAL134(3.57Å), VAL54(3.76Å)",0,
VKORC1_Human_chainA_protonated,RL_Gen_07,1,SER81(3.68Å),6,"LEU120(3.99Å), PHE55(3.68Å), PHE63(3.51Å), PHE63(3.99Å), PHE87(3.58Å), VAL54(3.80Å)",0,
VKORC1_Human_chainA_protonated,RL_Gen_26,4,"ASN142(3.70Å), ASN80(3.94Å), ASN80(4.07Å), SER81(3.13Å)",9,"LEU120(3.37Å), LEU120(3.65Å), PHE63(3.51Å), PHE83(3.66Å), PHE87(3.42Å), PHE87(3.60Å), THR138(3.98Å), TRP59(3.92Å), VAL54(3.80Å)",0,
VKORC1_Human_chainA_protonated,RL_Gen_39,6,"ASN142(3.21Å), ASN80(3.28Å), ASN80(3.29Å), ASN80(3.83Å), SER113(2.47Å), SER81(3.37Å)",9,"ALA26(3.48Å), ASN80(2.76Å), LEU120(3.44Å), PHE55(3.63Å), PHE63(3.34Å), PHE83(3.72Å), PHE87(3.39Å), VAL134(3.11Å), VAL54(3.29Å)",0,
VKORC1_Human_chainA_protonated,RL_Gen_44,5,"ASN142(3.93Å), ASN80(4.02Å), SER117(2.80Å), SER23(2.94Å), SER81(3.56Å)",6,"ASN80(3.91Å), LEU120(3.46Å), LEU120(3.66Å), PHE55(3.48Å), TRP59(3.97Å), VAL54(3.98Å)",1,PHE63(5.03Å)
VKORC1_Human_chainA_protonated,RL_Gen_37_isoA,0,,9,"ALA26(3.44Å), LEU120(3.61Å), PHE55(3.60Å), PHE63(3.58Å), PHE83(3.97Å), THR138(3.56Å), TYR139(3.64Å), VAL112(3.89Å), VAL134(3.73Å)",0,
VKORC1_Human_chainA_protonated,RL_Gen_29_isoD,3,"ASN80(3.03Å), SER81(2.78Å), SER81(3.73Å)",7,"ASN80(3.95Å), LEU120(3.35Å), LEU120(3.64Å), LEU120(3.88Å), PHE55(3.60Å), TRP59(3.56Å), VAL54(3.74Å)",0,
VKORC1_Human_chainA_protonated,RL_Gen_50,1,SER81(2.99Å),9,"LEU120(3.59Å), LEU120(3.80Å), LEU120(3.90Å), PHE63(3.57Å), PHE83(3.96Å), PHE87(3.53Å), TRP59(3.80Å), TYR88(3.72Å), VAL54(3.82Å)",0,
VKORC1_Human_chainA_protonated,RL_Gen_27,3,"SER81(2.75Å), SER81(3.18Å), TYR139(2.75Å)",6,"ALA26(3.86Å), LEU120(3.57Å), LYS30(3.65Å), PHE55(3.52Å), TRP59(3.55Å), VAL54(3.69Å)",0,
VKORC1_Human_chainA_protonated,BENZ_R,1,ASN80(3.14Å),7,"ALA26(3.41Å), LEU120(3.31Å), LEU120(3.66Å), PHE63(3.52Å), PHE63(3.69Å), THR138(3.71Å), VAL54(3.57Å)",0,
VKORC1_Human_chainA_protonated,RL_Gen_29_isoC,6,"ASN80(2.92Å), ASN80(3.42Å), ASN80(3.92Å), SER81(2.80Å), SER81(3.45Å)",8,"ASN80(3.66Å), ILE123(3.64Å), LEU120(3.65Å), LEU120(3.73Å), LEU124(3.32Å), LEU128(3.82Å), TRP59(3.61Å), VAL54(3.42Å)",0,
VKORC1_Human_chainA_protonated,RL_Gen_32,3,"ASN142(3.33Å), ASN80(3.58Å), SER81(3.22Å)",11,"ASN80(2.94Å), ASN80(3.50Å), LEU120(3.55Å), LEU120(3.70Å), LEU22(3.81Å), PHE55(3.47Å), PHE63(3.21Å), THR138(3.36Å), TYR139(3.70Å), VAL134(3.16Å), VAL54(3.50Å)",1,PHE55(5.05Å)
VKORC1_Human_chainA_protonated,RL_Gen_19,2,"ASN142(3.89Å), ASN80(3.28Å)",7,"ALA26(3.61Å), ASN80(2.76Å), LEU120(3.67Å), PHE63(3.48Å), THR138(3.51Å), TRP59(3.65Å), VAL54(3.89Å)",0,
VKORC1_Human_chainA_protonated,RL_Gen_47,4,"ASN142(3.34Å), ASN80(3.07Å), ASN80(3.38Å), SER81(3.62Å)",8,"ALA26(3.85Å), ASN80(3.09Å), LEU120(3.43Å), LEU120(3.90Å), PHE55(3.47Å), TRP59(3.82Å), TYR139(3.56Å), VAL54(3.54Å)",0,
VKORC1_Human_chainA_protonated,RL_Gen_41,1,ASN80(3.89Å),9,"ASN80(3.56Å), LEU120(3.13Å), PHE55(3.16Å), PHE63(3.00Å), PHE83(3.65Å), PHE87(3.52Å), PHE87(3.86Å), THR138(3.91Å), VAL112(3.35Å)",0,
VKORC1_Human_chainA_protonated,RL_Gen_37_isoB,1,ASN142(2.88Å),10,"ALA26(3.42Å), ASN80(3.33Å), LEU120(3.34Å), PHE55(3.64Å), PHE83(4.00Å), PHE87(3.73Å), PHE87(3.90Å), THR138(3.42Å), VAL134(3.14Å), VAL54(3.87Å)",0,
VKORC1_Human_chainA_protonated,RL_Gen_16,1,ASN80(3.69Å),7,"ALA26(3.75Å), ILE123(3.97Å), LEU120(3.63Å), LEU120(3.77Å), PHE55(3.65Å), VAL134(3.34Å), VAL54(3.78Å)",0,
VKORC1_Human_chainA_protonated,RL_Gen_14,2,"ASN80(3.45Å), SER23(4.01Å)",6,"LEU120(3.81Å), PHE55(3.80Å), THR138(3.63Å), TRP59(3.49Å), VAL134(3.97Å), VAL54(3.64Å)",0,
VKORC1_Human_chainA_protonated,RL_Gen_18,3,"ASN80(3.74Å), SER81(3.23Å), TYR139(3.95Å)",8,"ILE123(3.99Å), LEU128(3.78Å), PHE55(3.62Å), PHE63(3.79Å), THR138(3.80Å), TRP59(3.59Å), TYR88(3.80Å), VAL54(3.59Å)",0,
VKORC1_Human_chainA_protonated,RL_Gen_46,0,,9,"ALA26(3.98Å), ASN80(3.78Å), PHE55(3.73Å), PHE55(3.78Å), PHE63(3.65Å), PHE83(3.94Å), PHE87(3.57Å), THR138(3.89Å), TYR88(3.68Å)",0,
VKORC1_Human_chainA_protonated,RL_Gen_31,1,ASN80(2.25Å),5,"ALA26(3.64Å), LEU120(3.28Å), PHE55(3.63Å), THR138(3.88Å), TYR139(3.20Å)",0,
VKORC1_Human_chainA_protonated,RL_Gen_13,2,"ASN142(3.45Å), TYR88(2.96Å)",5,"ASN80(3.06Å), LEU120(3.78Å), PHE63(3.36Å), PHE83(3.25Å), PHE87(3.84Å)",1,PHE55(5.19Å)
VKORC1_Human_chainA_protonated,RL_Gen_24,4,"ASN80(3.27Å), ASN80(3.39Å), ASN80(3.76Å), TYR139(3.89Å)",6,"LEU120(3.58Å), LEU120(3.70Å), LEU120(4.00Å), PHE55(3.71Å), TRP59(3.54Å), VAL54(3.82Å)",0,
VKORC1_Human_chainA_protonated,RL_Gen_23,3,"ASN80(3.95Å), SER81(2.94Å), THR138(3.30Å)",4,"LEU120(3.67Å), PHE63(3.73Å), THR138(3.76Å), VAL54(3.85Å)",0,
VKORC1_Human_chainA_protonated,RL_Gen_25,1,TYR139(2.92Å),7,"LEU120(3.48Å), LEU120(3.62Å), LEU120(3.89Å), PHE55(3.94Å), PHE55(3.95Å), TRP59(3.74Å), VAL54(3.77Å)",0,
VKORC1_Human_chainA_protonated,RL_Gen_15,2,"ASN142(3.08Å), ASN80(3.56Å)",8,"ASN80(3.08Å), LEU120(3.58Å), PHE63(3.18Å), PHE63(3.67Å), PHE83(3.80Å), PHE87(3.74Å), THR138(3.21Å), VAL112(3.40Å)",0,
VKORC1_Human_chainA_protonated,RL_Gen_34,3,"ASN142(2.80Å), ASN80(3.96Å), SER117(2.73Å)",8,"ASN80(2.79Å), LEU120(3.22Å), LEU120(3.48Å), LEU120(3.50Å), PHE55(3.84Å), THR138(3.98Å), TRP59(3.55Å), VAL54(3.67Å)",0,
VKORC1_Human_chainA_protonated,RL_Gen_43,5,"ASN80(2.66Å), ASN80(2.93Å), ASN80(4.00Å), SER23(3.00Å), SER81(3.00Å)",7,"ALA26(3.64Å), ASN80(3.07Å), LEU120(3.67Å), PHE55(3.44Å), PHE63(3.56Å), THR138(3.74Å), TYR139(3.98Å)",0,
VKORC1_Human_chainA_protonated,RL_Gen_35,0,,7,"ALA26(3.91Å), LEU120(3.24Å), PHE55(3.87Å), PHE63(3.76Å), THR138(3.46Å), TYR139(3.97Å), VAL134(3.91Å)",0,
VKORC1_Human_chainA_protonated,RL_Gen_48,2,"ASN80(3.63Å), SER81(3.74Å)",7,"LEU22(3.78Å), PHE55(3.43Å), THR138(3.72Å), TRP59(3.60Å), TYR139(3.77Å), TYR88(3.64Å), VAL54(3.64Å)",0,
VKORC1_Human_chainA_protonated,RL_Gen_20,1,TYR139(2.66Å),13,"ALA26(2.79Å), ASN80(2.71Å), ILE123(3.76Å), LEU120(3.67Å), LEU120(3.72Å), LEU124(3.70Å), LEU128(3.57Å), LYS30(3.39Å), PHE55(3.05Å), PHE55(3.79Å), PHE63(3.31Å), TRP59(3.53Å), VAL54(3.53Å)",0,
VKORC1_Human_chainA_protonated,RL_Gen_11,0,,6,"ASN80(3.43Å), PHE55(3.91Å), PHE63(3.80Å), PHE83(3.87Å), PHE87(3.59Å), VAL54(4.00Å)",0,
VKORC1_Human_chainA_protonated,RL_Gen_08,2,"ASN80(3.75Å), SER81(3.01Å)",7,"ASN80(3.76Å), ILE123(3.54Å), LEU120(3.73Å), LEU120(3.74Å), LEU128(3.86Å), TRP59(3.86Å), VAL54(3.74Å)",0,
VKORC1_Human_chainA_protonated,RL_Gen_40,3,"ASN80(3.25Å), ASN80(3.31Å)",9,"ILE123(3.91Å), LEU120(3.64Å), LEU120(3.88Å), LEU124(3.96Å), PHE55(3.68Å), THR138(3.93Å), TRP59(3.52Å), TYR139(3.71Å), TYR139(3.91Å)",0,
VKORC1_Human_chainA_protonated,RL_Gen_36,2,"ASN80(3.82Å), SER81(2.83Å)",9,"ASN80(3.37Å), ILE123(3.69Å), LEU120(3.67Å), LEU120(3.74Å), LEU124(3.72Å), LEU128(3.91Å), PHE55(3.62Å), TRP59(3.59Å), VAL54(3.57Å)",1,PHE55(5.38Å)
VKORC1_Human_chainA_protonated,RL_Gen_21,3,"ASN142(3.07Å), ASN80(3.33Å), ASN80(3.42Å)",4,"ALA26(3.52Å), PHE55(3.63Å), PHE87(3.87Å), THR138(3.69Å)",0,
VKORC1_Human_chainA_protonated,RL_Gen_28,1,ASN80(4.04Å),6,"ASN80(3.44Å), LYS30(3.59Å), PHE55(3.61Å), PHE63(3.47Å), PHE63(3.55Å), THR138(3.46Å)",0,
VKORC1_Human_chainA_protonated,RL_Gen_03,3,"ASN142(3.01Å), ASN80(4.02Å), TYR88(3.07Å)",0,,0,
VKORC1_Human_chainA_protonated,RL_Gen_12,2,"ASN80(2.78Å), ASN80(3.93Å)",6,"ALA26(3.98Å), ASN80(3.79Å), PHE55(3.73Å), PHE63(3.64Å), PHE87(3.56Å), TYR88(3.76Å)",0,
VKORC1_Human_chainA_protonated,RL_Gen_10,0,,2,"LEU120(3.58Å), THR138(3.97Å)",1,PHE63(5.07Å)
VKORC1_Human_chainA_protonated,RL_Gen_30,2,"SER23(3.08Å), SER81(3.00Å)",5,"ASN80(3.72Å), LEU120(3.51Å), LYS30(3.80Å), PHE55(3.71Å), PHE55(3.84Å)",0,
VKORC1_Human_chainA_protonated,RL_Gen_33,2,"ASN80(4.07Å), SER81(3.15Å)",1,PHE55(3.78Å),0,
VKORC1_Human_chainA_protonated,RL_Gen_05,4,"ASN142(2.98Å), SER23(2.90Å), TYR88(3.00Å)",3,"ASN80(3.34Å), LEU120(3.98Å), PHE63(3.70Å)",0,
VKORC1_Human_chainA_protonated,RL_Gen_17,1,SER81(2.87Å),5,"ASN80(3.04Å), LEU120(3.93Å), PHE55(3.68Å), PHE55(3.93Å), VAL54(3.85Å)",0,
VKORC1_Human_chainA_protonated,RL_Gen_09,0,,3,"LEU120(3.76Å), LEU120(3.95Å), VAL54(3.98Å)",0,
VKORC1_Human_chainA_protonated,RL_Gen_01,3,"ASN80(3.21Å), ASN80(3.51Å), TYR139(2.90Å)",2,"ASN80(3.57Å), LEU120(3.74Å)",0,
VKORC1_Human_chainA_protonated,RL_Gen_42,4,"ASN80(3.34Å), ASN80(3.60Å), ASN80(4.08Å), SER81(3.29Å)",4,"LEU120(3.72Å), TRP59(3.94Å), VAL54(3.98Å)",1,PHE55(5.36Å)
VKORC1_Human_chainA_protonated,RL_Gen_04,3,"ASN80(3.13Å), ASN80(3.20Å)",2,"ASN80(3.90Å), LEU120(3.49Å)",0,
VKORC1_Human_chainA_protonated,RL_Gen_02,0,,6,"ILE123(3.49Å), LEU120(3.34Å), LEU120(3.63Å), LEU120(3.75Å), TRP59(3.83Å), TYR139(3.56Å)",0,
VKORC1_Human_chainA_protonated,RL_Gen_06,0,None,3,"LEU120(3.55Å), LEU120(3.88Å), TYR139(3.94Å)",0,None
