ligand_name,target_name,best_affinity,all_affinities,docked_pdbqt,success,error,runtime_seconds
RL_Gen_37,VKORC1_Human,-12.244,"[np.float64(-12.244), np.float64(-11.409), np.float64(-11.094), np.float64(-10.474), np.float64(-10.399), np.float64(-9.947), np.float64(-9.707), np.float64(-9.661), np.float64(-9.591)]",results/docked_poses/VKORC1_Human/RL_Gen_37_VKORC1_Human_docked.pdbqt,True,,23.956362009048465
p_nitro_R,VKORC1_Human,-12.123,"[-12.123, -11.086, -10.962, -10.93, -10.372, -10.24, -10.078, -9.871, -9.83]",results/docked_poses/VKORC1_Human/p_nitro_R_VKORC1_Human_docked.pdbqt,True,,29.999984741210938
p_nitro_S,VKORC1_Human,-11.768,"[-11.768, -11.587, -11.336, -10.395, -10.276, -10.116, -10.05, -9.891, -9.334]",results/docked_poses/VKORC1_Human/p_nitro_S_VKORC1_Human_docked.pdbqt,True,,29.515265464782715
RL_Gen_22,VKORC1_Human,-11.545,"[np.float64(-11.545), np.float64(-11.464), np.float64(-11.129), np.float64(-10.253), np.float64(-10.235), np.float64(-10.228), np.float64(-10.148), np.float64(-10.035), np.float64(-9.902), np.float64(-9.771), np.float64(-9.733), np.float64(-9.674), np.float64(-9.672), np.float64(-9.518), np.float64(-9.478), np.float64(-9.374), np.float64(-9.352), np.float64(-9.24), np.float64(-8.671)]",results/docked_poses/VKORC1_Human/RL_Gen_22_VKORC1_Human_docked.pdbqt,True,,40.33030438423157
m_nitro_S,VKORC1_Human,-11.505,"[-11.505, -10.865, -10.681, -10.063, -9.926, -9.672, -9.602, -9.5, -9.41]",results/docked_poses/VKORC1_Human/m_nitro_S_VKORC1_Human_docked.pdbqt,True,,31.13282871246338
dimethoxy_23_S,VKORC1_Human,-11.49,"[-11.49, -10.679, -10.18, -9.992, -9.835, -9.666, -9.639, -9.373, -9.252]",results/docked_poses/VKORC1_Human/dimethoxy_23_S_VKORC1_Human_docked.pdbqt,True,,30.601485013961792
RL_Gen_29_isoA,VKORC1_Human,-11.419,"[np.float64(-11.419), np.float64(-10.69), np.float64(-10.505), np.float64(-10.503), np.float64(-10.402), np.float64(-10.086), np.float64(-10.042), np.float64(-9.999), np.float64(-9.836), np.float64(-9.753), np.float64(-9.661), np.float64(-9.487), np.float64(-9.481), np.float64(-9.409), np.float64(-9.389), np.float64(-9.358), np.float64(-9.32), np.float64(-9.114), np.float64(-8.993), np.float64(-8.918)]",results/docked_poses/VKORC1_Human/RL_Gen_29_isoA_VKORC1_Human_docked.pdbqt,True,,38.14039421081543
RL_Gen_45,VKORC1_Human,-11.395,"[np.float64(-11.395), np.float64(-10.891), np.float64(-10.741), np.float64(-9.977), np.float64(-9.928), np.float64(-9.612), np.float64(-9.565), np.float64(-9.52), np.float64(-9.514), np.float64(-9.46), np.float64(-9.42), np.float64(-9.395), np.float64(-9.135), np.float64(-9.098), np.float64(-8.983), np.float64(-8.885), np.float64(-8.838), np.float64(-8.815), np.float64(-8.794), np.float64(-8.696)]",results/docked_poses/VKORC1_Human/RL_Gen_45_VKORC1_Human_docked.pdbqt,True,,76.2542724609375
m_bromo_R,VKORC1_Human,-11.373,"[-11.373, -11.005, -10.403, -10.319, -10.176, -9.839, -9.646, -9.61, -9.418]",results/docked_poses/VKORC1_Human/m_bromo_R_VKORC1_Human_docked.pdbqt,True,,22.07072877883911
m_nitro_R,VKORC1_Human,-11.314,"[-11.314, -11.071, -10.953, -10.798, -10.752, -10.113, -10.07, -10.067, -9.87]",results/docked_poses/VKORC1_Human/m_nitro_R_VKORC1_Human_docked.pdbqt,True,,26.60459589958191
R_Warfarin_ref,VKORC1_Human,-11.294,"[-11.294, -10.229, -10.02, -9.969, -9.749, -9.553, -9.545, -9.483, -9.417]",results/docked_poses/VKORC1_Human/R_Warfarin_ref_VKORC1_Human_docked.pdbqt,True,,21.495741605758667
RL_Gen_49,VKORC1_Human,-11.239,"[np.float64(-11.239), np.float64(-11.222), np.float64(-10.869), np.float64(-10.854), np.float64(-9.952), np.float64(-9.916), np.float64(-9.602), np.float64(-8.952), np.float64(-8.604), np.float64(-8.36), np.float64(-8.315)]",results/docked_poses/VKORC1_Human/RL_Gen_49_VKORC1_Human_docked.pdbqt,True,,26.892582416534424
BENZ_R,VKORC1_Human,-11.231,"[-11.231, -10.345, -10.238, -10.051, -9.792, -9.591, -9.529, -9.266, -9.035]",results/docked_poses/VKORC1_Human/BENZ_R_VKORC1_Human_docked.pdbqt,True,,22.84701657295227
dimethoxy_23_R,VKORC1_Human,-11.117,"[-11.117, -10.488, -10.13, -10.106, -9.417, -9.337, -9.263, -8.998, -8.907]",results/docked_poses/VKORC1_Human/dimethoxy_23_R_VKORC1_Human_docked.pdbqt,True,,30.536410808563232
RL_Gen_29_isoB,VKORC1_Human,-11.069,"[np.float64(-11.069), np.float64(-10.47), np.float64(-10.086), np.float64(-10.014), np.float64(-9.995), np.float64(-9.741), np.float64(-9.622), np.float64(-9.539), np.float64(-9.506), np.float64(-9.47), np.float64(-9.325), np.float64(-9.266), np.float64(-9.242), np.float64(-8.989), np.float64(-8.955), np.float64(-8.955), np.float64(-8.896), np.float64(-8.712), np.float64(-8.651), np.float64(-8.494)]",results/docked_poses/VKORC1_Human/RL_Gen_29_isoB_VKORC1_Human_docked.pdbqt,True,,38.56108236312866
m_bromo_S,VKORC1_Human,-11.03,"[-11.03, -10.782, -10.752, -9.99, -9.975, -9.898, -9.715, -9.621, -9.334]",results/docked_poses/VKORC1_Human/m_bromo_S_VKORC1_Human_docked.pdbqt,True,,24.85643434524536
RL_Gen_29,VKORC1_Human,-10.969,"[np.float64(-10.969), np.float64(-10.557), np.float64(-10.381), np.float64(-10.165), np.float64(-9.973), np.float64(-9.856), np.float64(-9.836), np.float64(-9.702), np.float64(-9.338), np.float64(-9.308), np.float64(-9.217), np.float64(-9.201), np.float64(-9.036), np.float64(-8.953), np.float64(-8.942), np.float64(-8.85), np.float64(-8.835), np.float64(-8.758), np.float64(-8.674), np.float64(-8.62)]",results/docked_poses/VKORC1_Human/RL_Gen_29_VKORC1_Human_docked.pdbqt,True,,27.82236862182617
S_Warfarin_ref,VKORC1_Human,-10.924,"[-10.924, -10.654, -10.072, -9.896, -9.84, -9.664, -9.353, -9.345, -9.31]",results/docked_poses/VKORC1_Human/S_Warfarin_ref_VKORC1_Human_docked.pdbqt,True,,23.72379183769226
RL_Gen_07,VKORC1_Human,-10.921,"[np.float64(-10.921), np.float64(-10.75), np.float64(-10.531), np.float64(-10.317), np.float64(-9.805), np.float64(-9.695), np.float64(-9.414), np.float64(-9.172), np.float64(-9.154), np.float64(-9.131), np.float64(-9.019), np.float64(-8.941), np.float64(-8.929), np.float64(-8.584), np.float64(-8.396), np.float64(-8.228)]",results/docked_poses/VKORC1_Human/RL_Gen_07_VKORC1_Human_docked.pdbqt,True,,17.479965448379517
RL_Gen_26,VKORC1_Human,-10.902,"[np.float64(-10.902), np.float64(-10.333), np.float64(-9.971), np.float64(-9.896), np.float64(-9.698), np.float64(-9.294), np.float64(-9.088), np.float64(-8.852), np.float64(-8.588), np.float64(-8.344), np.float64(-7.959)]",results/docked_poses/VKORC1_Human/RL_Gen_26_VKORC1_Human_docked.pdbqt,True,,16.193256616592407
RL_Gen_39,VKORC1_Human,-10.823,"[np.float64(-10.823), np.float64(-10.66), np.float64(-10.347), np.float64(-10.13), np.float64(-10.017), np.float64(-9.708), np.float64(-9.696), np.float64(-9.517), np.float64(-9.281), np.float64(-9.148), np.float64(-9.147), np.float64(-8.877), np.float64(-8.848), np.float64(-8.76), np.float64(-8.53), np.float64(-8.478), np.float64(-8.428), np.float64(-8.085), np.float64(-7.97), np.float64(-7.9)]",results/docked_poses/VKORC1_Human/RL_Gen_39_VKORC1_Human_docked.pdbqt,True,,39.340831995010376
RL_Gen_44,VKORC1_Human,-10.816,"[np.float64(-10.816), np.float64(-9.82), np.float64(-9.459), np.float64(-9.385), np.float64(-9.306), np.float64(-9.048), np.float64(-9.001), np.float64(-8.722), np.float64(-8.693), np.float64(-8.438), np.float64(-8.223), np.float64(-7.981), np.float64(-7.866)]",results/docked_poses/VKORC1_Human/RL_Gen_44_VKORC1_Human_docked.pdbqt,True,,81.18626475334167
RL_Gen_37_isoA,VKORC1_Human,-10.702,"[np.float64(-10.702), np.float64(-10.225), np.float64(-9.728), np.float64(-9.714), np.float64(-9.134), np.float64(-8.926), np.float64(-8.742), np.float64(-7.789), np.float64(-7.756)]",results/docked_poses/VKORC1_Human/RL_Gen_37_isoA_VKORC1_Human_docked.pdbqt,True,,53.53579998016357
RL_Gen_29_isoD,VKORC1_Human,-10.667,"[np.float64(-10.667), np.float64(-10.61), np.float64(-10.458), np.float64(-10.413), np.float64(-10.277), np.float64(-10.245), np.float64(-10.188), np.float64(-10.137), np.float64(-10.07), np.float64(-10.022), np.float64(-9.976), np.float64(-9.975), np.float64(-9.952), np.float64(-9.864), np.float64(-9.635), np.float64(-9.62), np.float64(-9.571), np.float64(-9.57), np.float64(-9.502), np.float64(-9.464)]",results/docked_poses/VKORC1_Human/RL_Gen_29_isoD_VKORC1_Human_docked.pdbqt,True,,45.93602538108826
RL_Gen_50,VKORC1_Human,-10.603,"[np.float64(-10.603), np.float64(-10.365), np.float64(-9.78), np.float64(-9.662), np.float64(-9.38), np.float64(-9.37), np.float64(-9.304), np.float64(-9.161), np.float64(-9.113), np.float64(-9.06), np.float64(-9.06), np.float64(-8.972), np.float64(-8.898), np.float64(-8.847), np.float64(-8.757), np.float64(-8.637), np.float64(-8.619), np.float64(-8.42), np.float64(-8.244), np.float64(-8.234)]",results/docked_poses/VKORC1_Human/RL_Gen_50_VKORC1_Human_docked.pdbqt,True,,24.475223064422607
RL_Gen_27,VKORC1_Human,-10.593,"[np.float64(-10.593), np.float64(-9.26), np.float64(-9.055), np.float64(-9.029), np.float64(-8.932), np.float64(-8.92), np.float64(-8.871), np.float64(-8.861), np.float64(-8.73), np.float64(-8.526), np.float64(-8.397), np.float64(-8.37), np.float64(-8.366), np.float64(-8.187), np.float64(-8.14), np.float64(-7.887), np.float64(-7.712), np.float64(-7.699), np.float64(-7.668)]",results/docked_poses/VKORC1_Human/RL_Gen_27_VKORC1_Human_docked.pdbqt,True,,12.635519742965698
BENZ_S,VKORC1_Human,-10.532,"[-10.532, -10.291, -10.187, -9.542, -9.323, -9.091, -9.079, -8.937, -8.9]",results/docked_poses/VKORC1_Human/BENZ_S_VKORC1_Human_docked.pdbqt,True,,19.274588346481323
RL_Gen_29_isoC,VKORC1_Human,-10.528,"[np.float64(-10.528), np.float64(-10.511), np.float64(-10.437), np.float64(-10.344), np.float64(-10.331), np.float64(-10.281), np.float64(-10.185), np.float64(-10.168), np.float64(-10.138), np.float64(-10.045), np.float64(-9.884), np.float64(-9.861), np.float64(-9.615), np.float64(-9.556), np.float64(-9.505), np.float64(-9.472), np.float64(-9.414), np.float64(-9.411), np.float64(-9.398), np.float64(-9.252)]",results/docked_poses/VKORC1_Human/RL_Gen_29_isoC_VKORC1_Human_docked.pdbqt,True,,37.77875471115112
RL_Gen_32,VKORC1_Human,-10.255,"[np.float64(-10.255), np.float64(-9.503), np.float64(-9.307), np.float64(-9.214), np.float64(-9.187), np.float64(-9.109), np.float64(-9.072), np.float64(-8.995), np.float64(-8.979), np.float64(-8.836), np.float64(-8.814), np.float64(-8.542), np.float64(-8.518), np.float64(-8.454), np.float64(-8.452), np.float64(-8.427), np.float64(-8.191), np.float64(-8.083), np.float64(-8.026), np.float64(-8.02)]",results/docked_poses/VKORC1_Human/RL_Gen_32_VKORC1_Human_docked.pdbqt,True,,18.375427961349487
RL_Gen_19,VKORC1_Human,-10.034,"[np.float64(-10.034), np.float64(-9.243), np.float64(-9.21), np.float64(-9.195), np.float64(-8.736), np.float64(-8.439), np.float64(-8.302), np.float64(-8.299), np.float64(-8.171), np.float64(-8.131), np.float64(-8.059), np.float64(-7.607), np.float64(-7.479), np.float64(-7.403), np.float64(-7.21), np.float64(-7.146), np.float64(-7.144), np.float64(-7.118)]",results/docked_poses/VKORC1_Human/RL_Gen_19_VKORC1_Human_docked.pdbqt,True,,9.913822412490845
RL_Gen_47,VKORC1_Human,-9.988,"[np.float64(-9.988), np.float64(-8.839), np.float64(-8.755), np.float64(-8.694), np.float64(-8.609), np.float64(-8.56), np.float64(-8.513), np.float64(-8.505), np.float64(-8.501), np.float64(-8.479), np.float64(-8.475), np.float64(-8.405), np.float64(-8.396), np.float64(-8.331), np.float64(-8.245), np.float64(-8.141), np.float64(-8.13), np.float64(-8.108), np.float64(-7.993), np.float64(-7.818)]",results/docked_poses/VKORC1_Human/RL_Gen_47_VKORC1_Human_docked.pdbqt,True,,27.43193006515503
RL_Gen_41,VKORC1_Human,-9.912,"[np.float64(-9.912), np.float64(-9.677), np.float64(-8.497), np.float64(-8.212), np.float64(-7.449)]",results/docked_poses/VKORC1_Human/RL_Gen_41_VKORC1_Human_docked.pdbqt,True,,35.741458892822266
RL_Gen_37_isoB,VKORC1_Human,-9.751,"[np.float64(-9.751), np.float64(-9.527), np.float64(-9.266), np.float64(-8.47), np.float64(-8.452), np.float64(-8.19), np.float64(-7.95), np.float64(-7.437), np.float64(-6.949)]",results/docked_poses/VKORC1_Human/RL_Gen_37_isoB_VKORC1_Human_docked.pdbqt,True,,50.17654180526733
RL_Gen_16,VKORC1_Human,-9.662,"[np.float64(-9.662), np.float64(-9.621), np.float64(-8.982), np.float64(-8.772), np.float64(-8.77), np.float64(-8.439), np.float64(-8.42), np.float64(-8.196), np.float64(-8.156), np.float64(-7.798), np.float64(-7.57), np.float64(-7.513), np.float64(-7.435), np.float64(-7.308), np.float64(-7.212), np.float64(-7.118), np.float64(-6.958), np.float64(-6.847), np.float64(-6.685)]",results/docked_poses/VKORC1_Human/RL_Gen_16_VKORC1_Human_docked.pdbqt,True,,12.56834602355957
RL_Gen_14,VKORC1_Human,-9.657,"[np.float64(-9.657), np.float64(-9.248), np.float64(-9.017), np.float64(-8.937), np.float64(-8.892), np.float64(-8.715), np.float64(-8.471), np.float64(-8.303), np.float64(-8.195), np.float64(-7.601), np.float64(-7.589), np.float64(-7.458), np.float64(-7.219), np.float64(-7.097), np.float64(-7.073), np.float64(-7.054), np.float64(-7.049)]",results/docked_poses/VKORC1_Human/RL_Gen_14_VKORC1_Human_docked.pdbqt,True,,9.724585056304932
RL_Gen_18,VKORC1_Human,-9.554,"[np.float64(-9.554), np.float64(-9.548), np.float64(-9.222), np.float64(-8.828), np.float64(-8.455), np.float64(-8.16), np.float64(-8.033), np.float64(-7.728), np.float64(-7.702), np.float64(-7.563), np.float64(-7.484), np.float64(-7.452), np.float64(-7.178), np.float64(-6.793), np.float64(-6.598), np.float64(-6.571)]",results/docked_poses/VKORC1_Human/RL_Gen_18_VKORC1_Human_docked.pdbqt,True,,13.09689736366272
RL_Gen_46,VKORC1_Human,-9.534,"[np.float64(-9.534), np.float64(-9.512), np.float64(-9.413), np.float64(-9.4), np.float64(-8.865), np.float64(-8.567), np.float64(-8.465), np.float64(-8.316), np.float64(-8.217), np.float64(-8.146), np.float64(-7.944), np.float64(-7.899), np.float64(-7.847), np.float64(-7.749), np.float64(-7.57), np.float64(-7.515), np.float64(-7.45), np.float64(-7.217), np.float64(-6.987), np.float64(-6.985)]",results/docked_poses/VKORC1_Human/RL_Gen_46_VKORC1_Human_docked.pdbqt,True,,36.73644733428955
RL_Gen_31,VKORC1_Human,-9.318,"[np.float64(-9.318), np.float64(-9.198), np.float64(-9.182), np.float64(-8.925), np.float64(-8.919), np.float64(-8.861), np.float64(-8.859), np.float64(-8.835), np.float64(-8.694), np.float64(-8.408), np.float64(-8.384), np.float64(-8.17), np.float64(-8.169), np.float64(-8.102), np.float64(-8.016), np.float64(-7.897), np.float64(-7.836), np.float64(-7.799), np.float64(-7.402), np.float64(-7.368)]",results/docked_poses/VKORC1_Human/RL_Gen_31_VKORC1_Human_docked.pdbqt,True,,15.175451040267944
RL_Gen_13,VKORC1_Human,-9.202,"[np.float64(-9.202), np.float64(-9.144), np.float64(-9.061), np.float64(-9.042), np.float64(-9.001), np.float64(-8.994), np.float64(-8.851), np.float64(-8.756), np.float64(-8.755), np.float64(-8.475), np.float64(-7.986), np.float64(-7.691), np.float64(-7.647), np.float64(-7.52), np.float64(-7.506), np.float64(-7.441), np.float64(-7.267), np.float64(-7.049), np.float64(-6.95), np.float64(-6.807)]",results/docked_poses/VKORC1_Human/RL_Gen_13_VKORC1_Human_docked.pdbqt,True,,10.379685640335085
RL_Gen_24,VKORC1_Human,-9.113,"[np.float64(-9.113), np.float64(-9.088), np.float64(-8.719), np.float64(-8.63), np.float64(-8.492), np.float64(-8.383), np.float64(-8.313), np.float64(-8.048), np.float64(-8.019), np.float64(-8.006), np.float64(-7.98), np.float64(-7.855), np.float64(-7.844), np.float64(-7.521), np.float64(-7.482), np.float64(-7.428), np.float64(-7.321), np.float64(-7.296), np.float64(-7.29), np.float64(-7.233)]",results/docked_poses/VKORC1_Human/RL_Gen_24_VKORC1_Human_docked.pdbqt,True,,8.669312477111816
RL_Gen_23,VKORC1_Human,-9.032,"[np.float64(-9.032), np.float64(-8.929), np.float64(-8.716), np.float64(-8.464), np.float64(-8.463), np.float64(-8.359), np.float64(-8.358), np.float64(-8.348), np.float64(-8.175), np.float64(-8.163), np.float64(-8.103), np.float64(-7.949), np.float64(-7.784), np.float64(-7.762), np.float64(-7.636), np.float64(-7.575), np.float64(-7.552), np.float64(-7.477), np.float64(-7.358), np.float64(-7.332)]",results/docked_poses/VKORC1_Human/RL_Gen_23_VKORC1_Human_docked.pdbqt,True,,14.691379070281982
RL_Gen_25,VKORC1_Human,-9.029,"[np.float64(-9.029), np.float64(-8.664), np.float64(-8.545), np.float64(-8.481), np.float64(-8.479), np.float64(-8.284), np.float64(-8.258), np.float64(-8.192), np.float64(-8.098), np.float64(-8.085), np.float64(-8.02), np.float64(-7.96), np.float64(-7.766), np.float64(-7.743), np.float64(-7.677), np.float64(-7.51), np.float64(-7.467), np.float64(-7.36), np.float64(-7.318), np.float64(-7.285)]",results/docked_poses/VKORC1_Human/RL_Gen_25_VKORC1_Human_docked.pdbqt,True,,6.146874904632568
RL_Gen_15,VKORC1_Human,-9.024,"[np.float64(-9.024), np.float64(-8.749), np.float64(-8.668), np.float64(-8.511), np.float64(-7.959), np.float64(-7.753), np.float64(-7.565), np.float64(-7.561), np.float64(-7.284), np.float64(-7.211), np.float64(-7.139), np.float64(-7.028), np.float64(-6.406)]",results/docked_poses/VKORC1_Human/RL_Gen_15_VKORC1_Human_docked.pdbqt,True,,13.496968507766724
RL_Gen_34,VKORC1_Human,-8.921,"[np.float64(-8.921), np.float64(-8.819), np.float64(-8.687), np.float64(-8.637), np.float64(-8.423), np.float64(-8.368), np.float64(-8.251), np.float64(-8.092), np.float64(-8.058), np.float64(-7.934), np.float64(-7.805), np.float64(-7.794), np.float64(-7.701), np.float64(-7.496), np.float64(-7.355), np.float64(-7.242), np.float64(-7.209), np.float64(-7.122), np.float64(-7.05), np.float64(-6.947)]",results/docked_poses/VKORC1_Human/RL_Gen_34_VKORC1_Human_docked.pdbqt,True,,12.411978721618652
RL_Gen_43,VKORC1_Human,-8.884,"[np.float64(-8.884), np.float64(-8.783), np.float64(-8.741), np.float64(-8.694), np.float64(-8.643), np.float64(-8.618), np.float64(-8.438), np.float64(-8.399), np.float64(-8.3), np.float64(-8.225), np.float64(-8.214), np.float64(-8.068), np.float64(-8.051), np.float64(-7.958), np.float64(-7.761), np.float64(-7.663), np.float64(-7.413), np.float64(-7.412), np.float64(-7.356), np.float64(-7.324)]",results/docked_poses/VKORC1_Human/RL_Gen_43_VKORC1_Human_docked.pdbqt,True,,63.95567679405213
RL_Gen_35,VKORC1_Human,-8.876,"[np.float64(-8.876), np.float64(-8.566), np.float64(-8.551), np.float64(-8.456), np.float64(-8.394), np.float64(-8.311), np.float64(-8.082), np.float64(-7.828), np.float64(-7.799), np.float64(-7.692), np.float64(-7.671), np.float64(-7.656), np.float64(-7.639), np.float64(-7.599), np.float64(-7.552), np.float64(-7.528), np.float64(-7.485), np.float64(-7.473), np.float64(-7.429), np.float64(-7.358)]",results/docked_poses/VKORC1_Human/RL_Gen_35_VKORC1_Human_docked.pdbqt,True,,13.7046058177948
RL_Gen_48,VKORC1_Human,-8.833,"[np.float64(-8.833), np.float64(-8.3), np.float64(-8.272), np.float64(-7.769), np.float64(-7.317), np.float64(-7.266), np.float64(-7.135), np.float64(-6.924), np.float64(-6.843), np.float64(-6.72), np.float64(-6.539), np.float64(-6.043), np.float64(-5.87)]",results/docked_poses/VKORC1_Human/RL_Gen_48_VKORC1_Human_docked.pdbqt,True,,30.42763376235962
RL_Gen_20,VKORC1_Human,-8.764,"[np.float64(-8.764), np.float64(-8.486), np.float64(-8.336), np.float64(-8.329), np.float64(-8.296), np.float64(-8.245), np.float64(-8.132), np.float64(-8.049), np.float64(-8.027), np.float64(-7.87)]",results/docked_poses/VKORC1_Human/RL_Gen_20_VKORC1_Human_docked.pdbqt,True,,25.97869038581848
RL_Gen_11,VKORC1_Human,-8.641,"[np.float64(-8.641), np.float64(-8.607), np.float64(-8.344), np.float64(-8.333), np.float64(-8.321), np.float64(-7.716), np.float64(-7.714), np.float64(-7.664), np.float64(-7.583), np.float64(-7.38), np.float64(-7.182), np.float64(-7.148), np.float64(-7.082), np.float64(-6.97), np.float64(-6.953), np.float64(-6.772), np.float64(-6.527), np.float64(-6.469), np.float64(-6.454), np.float64(-6.256)]",results/docked_poses/VKORC1_Human/RL_Gen_11_VKORC1_Human_docked.pdbqt,True,,11.166956663131714
RL_Gen_08,VKORC1_Human,-8.519,"[np.float64(-8.519), np.float64(-8.079), np.float64(-7.903), np.float64(-7.751), np.float64(-7.678), np.float64(-7.49), np.float64(-7.398), np.float64(-7.36), np.float64(-7.228), np.float64(-6.802), np.float64(-6.792), np.float64(-6.667), np.float64(-6.648), np.float64(-6.436), np.float64(-6.319), np.float64(-6.28), np.float64(-6.182), np.float64(-6.166), np.float64(-6.032), np.float64(-5.792)]",results/docked_poses/VKORC1_Human/RL_Gen_08_VKORC1_Human_docked.pdbqt,True,,8.881060600280762
RL_Gen_40,VKORC1_Human,-8.377,"[np.float64(-8.377), np.float64(-7.875), np.float64(-7.871), np.float64(-7.753), np.float64(-7.637), np.float64(-7.626), np.float64(-7.284), np.float64(-7.106), np.float64(-6.995), np.float64(-6.88), np.float64(-6.88), np.float64(-6.866), np.float64(-6.846), np.float64(-6.816), np.float64(-6.795), np.float64(-6.652), np.float64(-6.58), np.float64(-6.469), np.float64(-6.467), np.float64(-6.421)]",results/docked_poses/VKORC1_Human/RL_Gen_40_VKORC1_Human_docked.pdbqt,True,,16.917076587677002
RL_Gen_36,VKORC1_Human,-8.334,"[np.float64(-8.334), np.float64(-7.925), np.float64(-7.843), np.float64(-7.842), np.float64(-7.769), np.float64(-7.53), np.float64(-7.486), np.float64(-7.467), np.float64(-7.42), np.float64(-6.954), np.float64(-6.908), np.float64(-6.887), np.float64(-6.857), np.float64(-6.854), np.float64(-6.818), np.float64(-6.809), np.float64(-6.641), np.float64(-6.634), np.float64(-6.536), np.float64(-6.245)]",results/docked_poses/VKORC1_Human/RL_Gen_36_VKORC1_Human_docked.pdbqt,True,,20.65762090682984
RL_Gen_21,VKORC1_Human,-8.307,"[np.float64(-8.307), np.float64(-8.28), np.float64(-8.204), np.float64(-8.157), np.float64(-8.103), np.float64(-8.051), np.float64(-7.974), np.float64(-7.883), np.float64(-7.856), np.float64(-7.825), np.float64(-7.775), np.float64(-7.74), np.float64(-7.726), np.float64(-7.651), np.float64(-7.381), np.float64(-7.228), np.float64(-7.149), np.float64(-7.122), np.float64(-7.086), np.float64(-7.036)]",results/docked_poses/VKORC1_Human/RL_Gen_21_VKORC1_Human_docked.pdbqt,True,,17.883971452713013
RL_Gen_28,VKORC1_Human,-8.102,"[np.float64(-8.102), np.float64(-7.858), np.float64(-7.857), np.float64(-7.708), np.float64(-7.598), np.float64(-7.5), np.float64(-7.256), np.float64(-7.222), np.float64(-7.14), np.float64(-7.092), np.float64(-7.002), np.float64(-6.982), np.float64(-6.871), np.float64(-6.843), np.float64(-6.808), np.float64(-6.807), np.float64(-6.761), np.float64(-6.706), np.float64(-6.693), np.float64(-6.494)]",results/docked_poses/VKORC1_Human/RL_Gen_28_VKORC1_Human_docked.pdbqt,True,,13.610492706298828
RL_Gen_03,VKORC1_Human,-7.504,"[np.float64(-7.504), np.float64(-7.499), np.float64(-7.427), np.float64(-7.281), np.float64(-7.244), np.float64(-7.092), np.float64(-6.875), np.float64(-6.517), np.float64(-6.38), np.float64(-6.35), np.float64(-6.336), np.float64(-6.3), np.float64(-6.223), np.float64(-6.209), np.float64(-6.18), np.float64(-6.139), np.float64(-6.132), np.float64(-6.056), np.float64(-5.885), np.float64(-5.829)]",results/docked_poses/VKORC1_Human/RL_Gen_03_VKORC1_Human_docked.pdbqt,True,,11.209702968597412
RL_Gen_12,VKORC1_Human,-7.374,"[np.float64(-7.374), np.float64(-7.333), np.float64(-7.279), np.float64(-7.251), np.float64(-7.229), np.float64(-7.211), np.float64(-7.114), np.float64(-6.995), np.float64(-6.664), np.float64(-6.478), np.float64(-6.342), np.float64(-6.215), np.float64(-6.179), np.float64(-6.152), np.float64(-6.145), np.float64(-6.138), np.float64(-6.133), np.float64(-6.049), np.float64(-5.994), np.float64(-5.948)]",results/docked_poses/VKORC1_Human/RL_Gen_12_VKORC1_Human_docked.pdbqt,True,,8.030030488967896
RL_Gen_10,VKORC1_Human,-7.293,"[np.float64(-7.293), np.float64(-6.985), np.float64(-6.901), np.float64(-6.702), np.float64(-6.676), np.float64(-6.487), np.float64(-6.443), np.float64(-6.412), np.float64(-6.397), np.float64(-6.268), np.float64(-6.267), np.float64(-6.149), np.float64(-6.072), np.float64(-5.996), np.float64(-5.994), np.float64(-5.971), np.float64(-5.957), np.float64(-5.924), np.float64(-5.804), np.float64(-5.795)]",results/docked_poses/VKORC1_Human/RL_Gen_10_VKORC1_Human_docked.pdbqt,True,,8.392061948776245
RL_Gen_30,VKORC1_Human,-7.264,"[np.float64(-7.264), np.float64(-7.232), np.float64(-7.189), np.float64(-7.179), np.float64(-7.113), np.float64(-7.109), np.float64(-6.993), np.float64(-6.939), np.float64(-6.892), np.float64(-6.661), np.float64(-6.565), np.float64(-6.477), np.float64(-6.45), np.float64(-6.435), np.float64(-6.336), np.float64(-6.257), np.float64(-6.253), np.float64(-6.149), np.float64(-5.929), np.float64(-5.899)]",results/docked_poses/VKORC1_Human/RL_Gen_30_VKORC1_Human_docked.pdbqt,True,,8.752542734146118
RL_Gen_33,VKORC1_Human,-7.098,"[np.float64(-7.098), np.float64(-7.095), np.float64(-7.061), np.float64(-6.968), np.float64(-6.96), np.float64(-6.895), np.float64(-6.867), np.float64(-6.704), np.float64(-6.648), np.float64(-6.639), np.float64(-6.581), np.float64(-6.506), np.float64(-6.412), np.float64(-6.403), np.float64(-6.395), np.float64(-6.353), np.float64(-6.315), np.float64(-6.246), np.float64(-6.238), np.float64(-6.184)]",results/docked_poses/VKORC1_Human/RL_Gen_33_VKORC1_Human_docked.pdbqt,True,,15.010334491729736
RL_Gen_05,VKORC1_Human,-6.619,"[np.float64(-6.619), np.float64(-6.456), np.float64(-6.423), np.float64(-6.414), np.float64(-6.376), np.float64(-6.365), np.float64(-6.349), np.float64(-6.189), np.float64(-6.181), np.float64(-6.09), np.float64(-5.984), np.float64(-5.911), np.float64(-5.831), np.float64(-5.725), np.float64(-5.644), np.float64(-5.625), np.float64(-5.461), np.float64(-5.381), np.float64(-5.136), np.float64(-5.027)]",results/docked_poses/VKORC1_Human/RL_Gen_05_VKORC1_Human_docked.pdbqt,True,,8.048973083496094
RL_Gen_17,VKORC1_Human,-6.511,"[np.float64(-6.511), np.float64(-6.445), np.float64(-6.325), np.float64(-6.299), np.float64(-6.097), np.float64(-5.862), np.float64(-5.83), np.float64(-5.775), np.float64(-5.69), np.float64(-5.67), np.float64(-5.543), np.float64(-5.37), np.float64(-5.317), np.float64(-5.225), np.float64(-5.223), np.float64(-5.141), np.float64(-5.123), np.float64(-4.974), np.float64(-4.932)]",results/docked_poses/VKORC1_Human/RL_Gen_17_VKORC1_Human_docked.pdbqt,True,,7.108442068099976
RL_Gen_09,VKORC1_Human,-6.436,"[np.float64(-6.436), np.float64(-6.423), np.float64(-6.073), np.float64(-6.037), np.float64(-5.916), np.float64(-5.891), np.float64(-5.664), np.float64(-5.566), np.float64(-5.532), np.float64(-5.473), np.float64(-5.468), np.float64(-5.398), np.float64(-5.269), np.float64(-5.165), np.float64(-5.092), np.float64(-4.979), np.float64(-4.79), np.float64(-4.385), np.float64(-4.385), np.float64(-4.339)]",results/docked_poses/VKORC1_Human/RL_Gen_09_VKORC1_Human_docked.pdbqt,True,,6.629866361618042
RL_Gen_01,VKORC1_Human,-6.326,"[np.float64(-6.326), np.float64(-6.318), np.float64(-6.303), np.float64(-6.241), np.float64(-6.18), np.float64(-6.039), np.float64(-6.03), np.float64(-5.998), np.float64(-5.895), np.float64(-5.755), np.float64(-5.729), np.float64(-5.673), np.float64(-5.618), np.float64(-5.079), np.float64(-5.035), np.float64(-4.971), np.float64(-4.957), np.float64(-4.945), np.float64(-4.929), np.float64(-4.878)]",results/docked_poses/VKORC1_Human/RL_Gen_01_VKORC1_Human_docked.pdbqt,True,,8.524908065795898
RL_Gen_42,VKORC1_Human,-6.3,"[-6.3, -6.296, -6.224, -6.18, -6.082, -5.941, -5.884, -5.286, -5.102]",results/docked_poses/VKORC1_Human/RL_Gen_42_VKORC1_Human_docked.pdbqt,True,,13.066319704055786
RL_Gen_04,VKORC1_Human,-6.102,"[np.float64(-6.102), np.float64(-6.069), np.float64(-5.923), np.float64(-5.907), np.float64(-5.634), np.float64(-5.633), np.float64(-5.625), np.float64(-5.398), np.float64(-5.339), np.float64(-5.307), np.float64(-5.216), np.float64(-5.167), np.float64(-5.003), np.float64(-4.827), np.float64(-4.804), np.float64(-4.795), np.float64(-4.781), np.float64(-4.768), np.float64(-4.458), np.float64(-4.41)]",results/docked_poses/VKORC1_Human/RL_Gen_04_VKORC1_Human_docked.pdbqt,True,,7.727430820465088
RL_Gen_02,VKORC1_Human,-6.057,"[np.float64(-6.057), np.float64(-5.868), np.float64(-5.82), np.float64(-5.786), np.float64(-5.784), np.float64(-5.656), np.float64(-5.539), np.float64(-5.513), np.float64(-5.383), np.float64(-5.371), np.float64(-5.307), np.float64(-5.221), np.float64(-5.198), np.float64(-5.16), np.float64(-5.138), np.float64(-5.113), np.float64(-5.081), np.float64(-4.942), np.float64(-4.903), np.float64(-4.863)]",results/docked_poses/VKORC1_Human/RL_Gen_02_VKORC1_Human_docked.pdbqt,True,,6.084025144577026
RL_Gen_06,VKORC1_Human,-5.58,"[np.float64(-5.58), np.float64(-5.526), np.float64(-5.523), np.float64(-5.377), np.float64(-5.352), np.float64(-5.346), np.float64(-5.302), np.float64(-5.283), np.float64(-5.28), np.float64(-5.271), np.float64(-5.244), np.float64(-5.207), np.float64(-5.197), np.float64(-5.181), np.float64(-5.146), np.float64(-5.136), np.float64(-4.877), np.float64(-4.559), np.float64(-4.282), np.float64(-4.171)]",results/docked_poses/VKORC1_Human/RL_Gen_06_VKORC1_Human_docked.pdbqt,True,,5.514686584472656
