ligand_name,target_name,best_affinity,all_affinities,docked_pdbqt,success,error,runtime_seconds,run_label,seed,is_active
active_acenocoumarol,VKORC1_Human,-11.764,"[-11.764, -11.061, -10.357, -10.33, -9.886]",active_acenocoumarol_VKORC1_Human_docked.pdbqt,True,,31.913671493530277,enrichment_seed42,42,1
active_coumachlor,VKORC1_Human,-11.65,"[-11.65, -10.771, -10.543, -9.957, -9.676, -8.805]",active_coumachlor_VKORC1_Human_docked.pdbqt,True,,32.00302600860596,enrichment_seed42,42,1
active_tioclomarol,VKORC1_Human,-11.463,"[-11.463, -10.81, -10.499, -10.375, -10.146, -9.988, -9.922, -9.776, -9.482]",active_tioclomarol_VKORC1_Human_docked.pdbqt,True,,30.010501861572266,enrichment_seed42,42,1
active_phenprocoumon,VKORC1_Human,-11.378,"[-11.378, -11.165, -11.076, -10.738, -10.591, -10.301, -10.104, -9.858, -9.581]",active_phenprocoumon_VKORC1_Human_docked.pdbqt,True,,30.67116355895996,enrichment_seed42,42,1
active_R_warfarin,VKORC1_Human,-11.294,"[-11.294, -10.229, -10.02, -9.969, -9.749, -9.553, -9.545, -9.483, -9.417]",active_R_warfarin_VKORC1_Human_docked.pdbqt,True,,21.97276616096497,enrichment_seed42,42,1
active_dicumarol,VKORC1_Human,-11.033,"[-11.033, -10.876, -10.497, -9.633, -9.544, -9.354, -9.333, -9.204, -8.658]",active_dicumarol_VKORC1_Human_docked.pdbqt,True,,17.18126082420349,enrichment_seed42,42,1
active_S_warfarin,VKORC1_Human,-10.924,"[-10.924, -10.654, -10.072, -9.896, -9.84, -9.664, -9.353, -9.345, -9.31]",active_S_warfarin_VKORC1_Human_docked.pdbqt,True,,22.778132438659668,enrichment_seed42,42,1
active_brodifacoum,VKORC1_Human,-9.319,"[-9.319, -8.258, -7.23, -6.438]",active_brodifacoum_VKORC1_Human_docked.pdbqt,True,,75.84718728065491,enrichment_seed42,42,1
active_fluindione,VKORC1_Human,-9.109,"[-9.109, -8.948, -8.859, -8.806, -8.797, -8.561, -8.485, -8.473, -8.357]",active_fluindione_VKORC1_Human_docked.pdbqt,True,,11.62265157699585,enrichment_seed42,42,1
decoy_002,VKORC1_Human,-8.295,"[-8.295, -8.266, -8.221, -8.013, -7.95, -7.933, -7.769, -7.769, -7.554]",decoy_002_VKORC1_Human_docked.pdbqt,True,,15.144281387329102,enrichment_seed42,42,0
decoy_016,VKORC1_Human,-8.291,"[-8.291, -8.285, -8.233, -8.108, -7.925, -7.535, -7.267, -7.263]",decoy_016_VKORC1_Human_docked.pdbqt,True,,13.074159860610962,enrichment_seed42,42,0
decoy_007,VKORC1_Human,-8.269,"[-8.269, -8.255, -8.231, -7.852, -7.814, -7.703, -7.691, -7.58, -7.488]",decoy_007_VKORC1_Human_docked.pdbqt,True,,11.976181983947754,enrichment_seed42,42,0
decoy_030,VKORC1_Human,-7.996,"[-7.996, -7.177, -7.043, -7.006, -6.874, -6.767, -6.749, -6.744, -6.595]",decoy_030_VKORC1_Human_docked.pdbqt,True,,12.035614252090454,enrichment_seed42,42,0
decoy_018,VKORC1_Human,-7.847,"[-7.847, -7.712, -7.612, -7.583, -7.439, -7.436, -7.288, -7.287, -7.268]",decoy_018_VKORC1_Human_docked.pdbqt,True,,17.804525136947632,enrichment_seed42,42,0
decoy_044,VKORC1_Human,-7.828,"[-7.828, -7.544, -7.499, -7.145, -7.137, -7.06, -6.948, -6.919, -6.872]",decoy_044_VKORC1_Human_docked.pdbqt,True,,20.258972883224487,enrichment_seed42,42,0
decoy_035,VKORC1_Human,-7.819,"[-7.819, -7.808, -7.805, -7.794, -7.539, -6.622, -6.577, -6.519, -6.415]",decoy_035_VKORC1_Human_docked.pdbqt,True,,9.225889205932615,enrichment_seed42,42,0
decoy_034,VKORC1_Human,-7.766,"[-7.766, -7.57, -7.382, -6.922, -6.873, -6.778, -6.766, -6.723, -6.518]",decoy_034_VKORC1_Human_docked.pdbqt,True,,12.898767471313477,enrichment_seed42,42,0
decoy_024,VKORC1_Human,-7.736,"[-7.736, -7.53, -7.182, -7.027, -6.948, -6.938, -6.827, -6.824, -6.765]",decoy_024_VKORC1_Human_docked.pdbqt,True,,20.0952627658844,enrichment_seed42,42,0
decoy_014,VKORC1_Human,-7.67,"[-7.67, -7.644, -6.978, -6.896, -6.804, -6.798, -6.751, -6.64, -6.51]",decoy_014_VKORC1_Human_docked.pdbqt,True,,16.220638036727905,enrichment_seed42,42,0
decoy_027,VKORC1_Human,-7.656,"[-7.656, -7.53, -7.482, -7.39, -6.693, -6.562, -6.328, -6.311, -6.143]",decoy_027_VKORC1_Human_docked.pdbqt,True,,9.2245454788208,enrichment_seed42,42,0
decoy_001,VKORC1_Human,-7.65,"[-7.65, -7.576, -7.242, -7.215, -7.031, -6.887, -6.794, -6.734, -6.382]",decoy_001_VKORC1_Human_docked.pdbqt,True,,16.35983967781067,enrichment_seed42,42,0
decoy_005,VKORC1_Human,-7.558,"[-7.558, -7.277, -7.221, -7.123, -7.049, -7.021, -7.021, -6.973, -6.822]",decoy_005_VKORC1_Human_docked.pdbqt,True,,15.277016878128052,enrichment_seed42,42,0
decoy_006,VKORC1_Human,-7.545,"[-7.545, -7.317, -7.228, -7.227, -7.107, -7.076, -7.013, -7.002, -6.942]",decoy_006_VKORC1_Human_docked.pdbqt,True,,18.42060160636902,enrichment_seed42,42,0
decoy_028,VKORC1_Human,-7.522,"[-7.522, -7.292, -7.19, -7.03, -6.885, -6.49, -6.466, -6.405, -6.339]",decoy_028_VKORC1_Human_docked.pdbqt,True,,9.248932123184204,enrichment_seed42,42,0
decoy_017,VKORC1_Human,-7.481,"[-7.481, -7.367, -7.358, -6.929, -6.891, -6.74, -6.647, -6.486, -6.349]",decoy_017_VKORC1_Human_docked.pdbqt,True,,14.702382564544678,enrichment_seed42,42,0
decoy_020,VKORC1_Human,-7.465,"[-7.465, -7.377, -7.338, -7.02, -6.955, -6.876, -6.779, -6.413, -6.147]",decoy_020_VKORC1_Human_docked.pdbqt,True,,11.638341426849363,enrichment_seed42,42,0
decoy_021,VKORC1_Human,-7.391,"[-7.391, -7.311, -7.261, -7.21, -7.175, -6.961, -6.917, -6.833, -6.633]",decoy_021_VKORC1_Human_docked.pdbqt,True,,14.680320262908936,enrichment_seed42,42,0
active_4hydroxycoumarin,VKORC1_Human,-7.381,"[-7.381, -7.353, -7.125, -6.923, -6.756, -6.578, -6.547, -6.476, -6.39]",active_4hydroxycoumarin_VKORC1_Human_docked.pdbqt,True,,8.584627628326416,enrichment_seed42,42,1
decoy_033,VKORC1_Human,-7.375,"[-7.375, -6.868, -6.847, -6.777, -6.727, -6.595, -6.57, -6.491, -6.274]",decoy_033_VKORC1_Human_docked.pdbqt,True,,11.320149421691896,enrichment_seed42,42,0
decoy_041,VKORC1_Human,-7.372,"[-7.372, -7.329, -7.219, -6.649, -6.554, -6.514, -6.389, -6.379, -6.321]",decoy_041_VKORC1_Human_docked.pdbqt,True,,12.446673154830933,enrichment_seed42,42,0
decoy_029,VKORC1_Human,-7.344,"[-7.344, -7.209, -7.2, -6.832, -6.69, -6.687, -6.214, -6.196, -5.996]",decoy_029_VKORC1_Human_docked.pdbqt,True,,9.288580179214478,enrichment_seed42,42,0
decoy_043,VKORC1_Human,-7.327,"[-7.327, -7.257, -7.23, -6.893, -6.809, -6.758, -6.415, -6.323, -6.304]",decoy_043_VKORC1_Human_docked.pdbqt,True,,9.893767595291138,enrichment_seed42,42,0
decoy_009,VKORC1_Human,-7.279,"[-7.279, -7.253, -7.221, -7.149, -7.033, -6.886, -6.744, -6.74, -6.725]",decoy_009_VKORC1_Human_docked.pdbqt,True,,17.574239015579224,enrichment_seed42,42,0
decoy_012,VKORC1_Human,-7.276,"[-7.276, -7.164, -6.99, -6.901, -6.83, -6.818, -6.817, -6.79, -6.506]",decoy_012_VKORC1_Human_docked.pdbqt,True,,13.337353229522703,enrichment_seed42,42,0
decoy_025,VKORC1_Human,-7.263,"[-7.263, -7.249, -7.192, -7.011, -6.869, -6.783, -6.764, -6.74, -6.449]",decoy_025_VKORC1_Human_docked.pdbqt,True,,12.42715311050415,enrichment_seed42,42,0
decoy_022,VKORC1_Human,-7.227,"[-7.227, -7.135, -7.114, -6.964, -6.912, -6.745, -6.654, -6.515, -5.876]",decoy_022_VKORC1_Human_docked.pdbqt,True,,12.63262128829956,enrichment_seed42,42,0
decoy_011,VKORC1_Human,-7.15,"[-7.15, -7.145, -7.09, -6.769, -6.767, -6.74, -6.683, -6.591, -6.571]",decoy_011_VKORC1_Human_docked.pdbqt,True,,12.172727346420288,enrichment_seed42,42,0
decoy_050,VKORC1_Human,-7.045,"[-7.045, -7.012, -6.914, -6.87, -6.863, -6.472, -6.425, -6.386, -6.294]",decoy_050_VKORC1_Human_docked.pdbqt,True,,14.64474081993103,enrichment_seed42,42,0
decoy_045,VKORC1_Human,-7.039,"[-7.039, -7.026, -6.937, -6.682, -6.521, -6.416, -6.317, -6.305, -6.267]",decoy_045_VKORC1_Human_docked.pdbqt,True,,13.710111856460571,enrichment_seed42,42,0
decoy_004,VKORC1_Human,-6.922,"[-6.922, -6.913, -6.841, -6.449, -6.411, -6.319, -6.27, -6.096, -6.077]",decoy_004_VKORC1_Human_docked.pdbqt,True,,13.252474069595335,enrichment_seed42,42,0
decoy_019,VKORC1_Human,-6.895,"[-6.895, -6.848, -6.764, -6.594, -6.513, -6.496, -6.337, -6.25, -6.229]",decoy_019_VKORC1_Human_docked.pdbqt,True,,21.17720079421997,enrichment_seed42,42,0
decoy_039,VKORC1_Human,-6.791,"[-6.791, -6.674, -6.629, -6.594, -6.441, -6.426, -6.403, -6.292, -6.228]",decoy_039_VKORC1_Human_docked.pdbqt,True,,9.96418523788452,enrichment_seed42,42,0
decoy_042,VKORC1_Human,-6.787,"[-6.787, -6.784, -6.699, -6.682, -6.463, -6.179, -6.174, -5.847, -5.746]",decoy_042_VKORC1_Human_docked.pdbqt,True,,11.858599424362184,enrichment_seed42,42,0
decoy_049,VKORC1_Human,-6.749,"[-6.749, -6.606, -6.583, -6.527, -6.044, -6.031, -5.997, -5.976, -5.972]",decoy_049_VKORC1_Human_docked.pdbqt,True,,13.57308030128479,enrichment_seed42,42,0
decoy_003,VKORC1_Human,-6.725,"[-6.725, -6.64, -6.471, -6.434, -5.926, -5.925, -5.761, -5.703, -5.666]",decoy_003_VKORC1_Human_docked.pdbqt,True,,14.238630533218384,enrichment_seed42,42,0
decoy_032,VKORC1_Human,-6.707,"[-6.707, -6.609, -6.252, -5.983, -5.727, -5.701, -5.631, -5.603, -5.568]",decoy_032_VKORC1_Human_docked.pdbqt,True,,15.021924257278442,enrichment_seed42,42,0
decoy_008,VKORC1_Human,-6.703,"[-6.703, -6.684, -6.636, -6.149, -6.059, -5.889, -5.773, -5.712, -5.7]",decoy_008_VKORC1_Human_docked.pdbqt,True,,10.969352960586548,enrichment_seed42,42,0
decoy_048,VKORC1_Human,-6.652,"[-6.652, -6.608, -6.606, -6.414, -6.307, -6.009, -5.976, -5.938, -5.701]",decoy_048_VKORC1_Human_docked.pdbqt,True,,13.301058530807495,enrichment_seed42,42,0
decoy_047,VKORC1_Human,-6.488,"[-6.488, -6.237, -6.175, -6.155, -6.12, -6.092, -6.041, -6.02, -5.981]",decoy_047_VKORC1_Human_docked.pdbqt,True,,14.89165186882019,enrichment_seed42,42,0
decoy_015,VKORC1_Human,-6.418,"[-6.418, -6.337, -6.263, -6.173, -6.094, -6.047, -5.848, -5.706, -5.696]",decoy_015_VKORC1_Human_docked.pdbqt,True,,13.796293020248411,enrichment_seed42,42,0
decoy_023,VKORC1_Human,-6.41,"[-6.41, -6.365, -6.201, -6.029, -5.969, -5.885, -5.662, -5.571, -5.531]",decoy_023_VKORC1_Human_docked.pdbqt,True,,10.46898603439331,enrichment_seed42,42,0
decoy_026,VKORC1_Human,-6.277,"[-6.277, -6.23, -6.223, -5.76, -5.709, -5.614, -5.534, -5.523, -5.431]",decoy_026_VKORC1_Human_docked.pdbqt,True,,10.675955057144163,enrichment_seed42,42,0
decoy_010,VKORC1_Human,-6.191,"[-6.191, -6.073, -6.017, -5.823, -5.792, -5.661, -5.608, -5.496, -5.48]",decoy_010_VKORC1_Human_docked.pdbqt,True,,11.416922569274902,enrichment_seed42,42,0
decoy_036,VKORC1_Human,-6.172,"[-6.172, -5.622, -5.47, -5.438, -5.435, -5.292, -5.156, -5.123, -4.874]",decoy_036_VKORC1_Human_docked.pdbqt,True,,9.474441051483154,enrichment_seed42,42,0
decoy_046,VKORC1_Human,-5.874,"[-5.874, -5.81, -5.809, -5.714, -5.697, -5.692, -5.613, -5.6, -5.334]",decoy_046_VKORC1_Human_docked.pdbqt,True,,9.372522830963137,enrichment_seed42,42,0
decoy_031,VKORC1_Human,-5.603,"[-5.603, -5.594, -5.49, -5.481, -5.326, -5.299, -5.133, -5.116, -5.072]",decoy_031_VKORC1_Human_docked.pdbqt,True,,9.338908433914185,enrichment_seed42,42,0
decoy_013,VKORC1_Human,-5.481,"[-5.481, -5.23, -5.22, -5.212, -4.989, -4.843, -4.579, -4.545, -4.528]",decoy_013_VKORC1_Human_docked.pdbqt,True,,12.528382301330566,enrichment_seed42,42,0
decoy_038,VKORC1_Human,-5.308,"[-5.308, -5.295, -4.844, -4.787, -4.694, -4.388, -4.342, -4.207, -4.191]",decoy_038_VKORC1_Human_docked.pdbqt,True,,7.211020708084106,enrichment_seed42,42,0
decoy_037,VKORC1_Human,-5.23,"[-5.23, -5.214, -4.877, -4.623, -4.6, -4.495, -4.304, -4.216, -4.08]",decoy_037_VKORC1_Human_docked.pdbqt,True,,6.156890153884888,enrichment_seed42,42,0
decoy_040,VKORC1_Human,-4.486,"[-4.486, -4.382, -4.284, -4.246, -4.243, -4.21, -4.19, -4.184, -4.007]",decoy_040_VKORC1_Human_docked.pdbqt,True,,7.97836709022522,enrichment_seed42,42,0
